,Real,DE,Entropy,CRITIC,Gini
Gini,0.9528007050044063,0.9528237676485478,0.9531479571747323,0.9776266101663136,1.0
CRITIC,0.9436645229032682,0.9436881480509253,0.9421448259051619,1.0,0.9776266101663136
Entropy,0.9972930455815349,0.9972816080100501,1.0,0.9421448259051619,0.9531479571747323
DE,0.9999973749835936,1.0,0.9972816080100501,0.9436881480509253,0.9528237676485478
Real,1.0,0.9999973749835936,0.9972930455815349,0.9436645229032682,0.9528007050044063
